sequence_id,length,GC%
seq1,5,0.4
seq2,18,0.2777777777777778
seq3,81,0.5925925925925926
